[{
		"UserID": "aa",
		"NewsID": "01.01",
		"Accesslike": 1,
		"AccessTime": "2018-09-10 09:45:50",
		"AccessNum": 10,
		"ResidenceTime": 300,
		"CommentsNum": 2,
		"AccessWay": "Android"
	},
	{
		"UserID": "bb",
		"NewsID": "02.02",
		"Accesslike": 0,
		"AccessTime": "2018-09-10 09:45:06",
		"AccessNum": 2,
		"ResidenceTime": 30,
		"CommentsNum": 6,
		"AccessWay": "PC"
	},
	{
		"UserID": "cc",
		"NewsID": "03.03",
		"Accesslike": 0,
		"AccessTime": "2018-09-10 09:45:06",
		"AccessNum": 10,
		"ResidenceTime": 200,
		"CommentsNum": 45,
		"AccessWay": "IOS"
	}
]
