[{
		"UserID": "5775bdd759242e13741bd2a9",
		"NewsID": "00000db4-5a6b-4ffa-a7e2-66d46b58c63d",
		"Accesslike": "0",
		"AccessTime": "2018-09-28 10:30:20",
		"AccessNum": 1,
		"ResidenceTime": 60,
		"CommentsNum": 1,
		"AccessWay": "Android"
	},
	{
		"UserID": "5775bdd759242e13741bd2a9",
		"NewsID": "00010f3c-40bd-417f-aa53-95f4da68c4cf",
		"Accesslike": 1,
		"AccessTime": "2018-09-28 10:30:20",
		"AccessNum": 3,
		"ResidenceTime": 30,
		"CommentsNum": 2,
		"AccessWay": "Android"
	},
	{
		"UserID": "57763af359242e1ee4a9b3c4",
		"NewsID": "00015ff6-08a9-41ce-ad5b-ab74000af4fb",
		"Accesslike": "-1",
		"AccessTime": "2018-09-28 10:30:20",
		"AccessNum": 1,
		"ResidenceTime": 10,
		"CommentsNum": 0,
		"AccessWay": "Android"
	},
	{
		"UserID": "57763af359242e1ee4a9b3c4",
		"NewsID": "000173ce-f687-493c-ac44-231c39b58329",
		"Accesslike": "1",
		"AccessTime": "2018-09-28 12:30:20",
		"AccessNum": 12,
		"ResidenceTime": 160,
		"CommentsNum": 10,
		"AccessWay": "IOS"
	},
	{
		"UserID": "578dc8a259242e121c4cb30f",
		"NewsID": "00024b5a-8f61-46d3-9613-8e0f2613b23c",
		"Accesslike": "0",
		"AccessTime": "2018-09-28 10:30:20",
		"AccessNum": 1,
		"ResidenceTime": 50,
		"CommentsNum": 1,
		"AccessWay": "Android"
	},
	{
		"UserID": "578de6f259242e121c4cb311",
		"NewsID": "00028209-4f6d-493a-8b58-a17cbacc958c",
		"Accesslike": "1",
		"AccessTime": "2018-09-28 10:30:20",
		"AccessNum": 4,
		"ResidenceTime": 80,
		"CommentsNum": 1,
		"AccessWay": "Android"
	},
	{
		"UserID": "578de6f259242e121c4cb311",
		"NewsID": "0002fedb-aeb8-4db1-9c39-5aafba66cdee",
		"Accesslike": "1",
		"AccessTime": "2018-09-24 10:30:20",
		"AccessNum": 5,
		"ResidenceTime": 160,
		"CommentsNum": 14,
		"AccessWay": "PC"
	},
	{
		"UserID": "57b2a4f759242e21ec0eaa43",
		"NewsID": "00072572-aa46-4188-862e-fd51dc7d8b87",
		"Accesslike": "0",
		"AccessTime": "2018-09-28 10:30:20",
		"AccessNum": 1,
		"ResidenceTime": 70,
		"CommentsNum": 1,
		"AccessWay": "Android"
	},
	{
		"UserID": "57b2a4f759242e21ec0eaa43",
		"NewsID": "00081236-3f49-4532-9323-5fe8c9701214",
		"Accesslike": "1",
		"AccessTime": "2018-09-28 10:30:20",
		"AccessNum": 2,
		"ResidenceTime": 80,
		"CommentsNum": 1,
		"AccessWay": "Android"
	},
	{
		"UserID": "57b51c9d59242e06cca0c856",
		"NewsID": "0006a498-7c63-4590-9484-b160ea12db93",
		"Accesslike": "0",
		"AccessTime": "2018-09-28 10:30:20",
		"AccessNum": 1,
		"ResidenceTime": 6,
		"CommentsNum": 0,
		"AccessWay": "Android"
	},
	{
		"UserID": "57b51c9d59242e06cca0c856",
		"NewsID": "00079897-d82f-4b4e-a707-11b2498c24ac",
		"Accesslike": "-1",
		"AccessTime": "2018-09-28 01:30:20",
		"AccessNum": 6,
		"ResidenceTime": 65,
		"CommentsNum": 19,
		"AccessWay": "IOS"
	}
]

